title,director,score,quote,detail
肖申克的救赎,导演: 弗兰克·德拉邦特 Frank Darabont   主演: 蒂姆·罗宾斯 Tim Robbins /...,9.7,希望让人自由。,一场谋杀案使银行家安迪（蒂姆•罗宾斯 Tim Robbins 饰）蒙冤入狱，谋杀妻子及其情人的指控将囚禁他终生。在肖申克监狱的首次现身就让监狱“大哥”瑞德（摩根•弗里曼 Morgan Freeman 饰）对他另眼相看。瑞德帮助他搞到一把石锤和一幅女明星海报，两人渐成患难 之交。很快，安迪在监狱里大显其才，担当监狱图书管理员，并利用自己的金融知识帮助监狱官避税，引起了典狱长的注意，被招致麾下帮助典狱长洗黑钱。偶然一次，他得知一名新入狱的小偷能够作证帮他洗脱谋杀罪。燃起一丝希望的安迪找到了典狱长，希望他能帮自己翻案。阴险伪善的狱长假装答应安迪，背后却派人杀死小偷，让他唯一能合法出狱的希望泯灭。沮丧的安迪并没有绝望，在一个电闪雷鸣的风雨夜，一场暗藏几十年的越狱计划让他自我救赎，重获自由！老朋友瑞德在他的鼓舞和帮助下，也勇敢地奔向自由。
阿甘正传,导演: 罗伯特·泽米吉斯 Robert Zemeckis   主演: 汤姆·汉克斯 Tom Hanks / ...,9.5,一部美国近现代史。,阿甘（汤姆·汉克斯 饰）于二战结束后不久出生在美国南方阿拉巴马州一个闭塞的小镇，他先天弱智，智商只有75，然而他的妈妈是一个性格坚强的女性，她常常鼓励阿甘“傻人有傻福”，要他自强不息。
泰坦尼克号,导演: 詹姆斯·卡梅隆 James Cameron   主演: 莱昂纳多·迪卡普里奥 Leonardo...,9.5,失去的才是永恒的。 ,1912年4月10日，号称 “世界工业史上的奇迹”的豪华客轮泰坦尼克号开始了自己的处女航，从英国的南安普顿出发驶往美国纽约。富家少女罗丝（凯特•温丝莱特）与母亲及未婚夫卡尔坐上了头等舱；另一边，放荡不羁的少年画家杰克（莱昂纳多·迪卡普里奥）也在码头的一场赌博中赢得了下等舱的船票。
霸王别姬,导演: 陈凯歌 Kaige Chen   主演: 张国荣 Leslie Cheung / 张丰毅 Fengyi Zha...,9.6,风华绝代。,段小楼（张丰毅）与程蝶衣（张国荣）是一对打小一起长大的师兄弟，两人一个演生，一个饰旦，一向配合天衣无缝，尤其一出《霸王别姬》，更是誉满京城，为此，两人约定合演一辈子《霸王别姬》。但两人对戏剧与人生关系的理解有本质不同，段小楼深知戏非人生，程蝶衣则是人戏不分。
千与千寻,导演: 宫崎骏 Hayao Miyazaki   主演: 柊瑠美 Rumi Hîragi / 入野自由 Miy...,9.4,最好的宫崎骏，最好的久石让。 ,千寻和爸爸妈妈一同驱车前往新家，在郊外的小路上不慎进入了神秘的隧道——他们去到了另外一个诡异世界—一个中世纪的小镇。远处飘来食物的香味，爸爸妈妈大快朵颐，孰料之后变成了猪！这时小镇上渐渐来了许多样子古怪、半透明的人。
辛德勒的名单,导演: 史蒂文·斯皮尔伯格 Steven Spielberg   主演: 连姆·尼森 Liam Neeson...,9.6,拯救一个人，就是拯救整个世界。,1939年，波兰在纳粹德国的统治下，党卫军对犹太人进行了隔离统治。德国商人奥斯卡·辛德勒（连姆·尼森 Liam Neeson 饰）来到德军统治下的克拉科夫，开设了一间搪瓷厂，生产军需用品。凭着出众的社交能力和大量的金钱，辛德勒和德军建立了良好的关系，他的工厂雇用犹太人工作，大发战争财。
这个杀手不太冷,导演: 吕克·贝松 Luc Besson   主演: 让·雷诺 Jean Reno / 娜塔莉·波特曼 ...,9.4,怪蜀黍和小萝莉不得不说的故事。,里昂（让·雷诺饰）是名孤独的职业杀手，受人雇佣。一天，邻居家小姑娘马蒂尔达（纳塔丽·波特曼饰)敲开他的房门，要求在他那里暂避杀身之祸。原来邻居家的主人是警方缉毒组的眼线，只因贪污了一小包毒品而遭恶警（加里·奥德曼饰）杀害全家的惩罚。马蒂尔达得到里昂的留救，幸免于难，并留在里昂那里。里昂教小女孩使枪，她教里昂法文，两人关系日趋亲密，相处融洽。
星际穿越,导演: 克里斯托弗·诺兰 Christopher Nolan   主演: 马修·麦康纳 Matthew Mc...,9.4,爱是一种力量，让我们超越时空感知它的存在。,近未来的地球黄沙遍野，小麦、秋葵等基础农作物相继因枯萎病灭绝，人类不再像从前那样仰望星空，放纵想象力和灵感的迸发，而是每日在沙尘暴的肆虐下倒数着所剩不多的光景。在家务农的前NASA宇航员库珀（马修·麦康纳 Matthew McConaughey 饰）接连在女儿墨菲（麦肯吉·弗依 Mackenzie Foy 饰）的书房发现奇怪的重力场现象，随即得知在某个未知区域内前NASA成员仍秘密进行一个拯救人类的计划。多年以前土星附近出现神秘虫洞，NASA借机将数名宇航员派遣到遥远的星系寻找适合居住的星球。在布兰德教授（迈克尔·凯恩 Michael Caine 饰）的劝说下，库珀忍痛告别了女儿，和其他三名专家教授女儿艾米莉亚·布兰德（安妮·海瑟薇 Anne Hathaway 饰）、罗米利（大卫·吉雅西 David Gyasi 饰）、多伊尔（韦斯·本特利 Wes B...
美丽人生,导演: 罗伯托·贝尼尼 Roberto Benigni   主演: 罗伯托·贝尼尼 Roberto Beni...,9.6,最美的谎言。,犹太青年圭多（罗伯托·贝尼尼）邂逅美丽的女教师多拉（尼可莱塔·布拉斯基），他彬彬有礼的向多拉鞠躬：“早安！公主！”。历经诸多令人啼笑皆非的周折后，天遂人愿，两人幸福美满的生活在一起。
忠犬八公的故事,导演: 莱塞·霍尔斯道姆 Lasse Hallström   主演: 理查·基尔 Richard Ger...,9.4,永远都不能忘记你所爱的人。,八公（Forest 饰）是一条谜一样的犬，因为没有人知道它从哪里来。教授帕克（理查·基尔 Richard Gere 饰）在小镇的火车站拣到一只走失的小狗，冥冥中似乎注定小狗和帕克教授有着某种缘分，帕克一抱起这只小狗就再也放不下来，最终，帕克对小狗八公的疼爱感化了起初极力反对养狗的妻子卡特（琼·艾伦 Joan Allen 饰）。八公在帕克的呵护下慢慢长大，帕克上班时八公会一直把他送到车站，下班时八公也会早早便爬在车站等候，八公的忠诚让小镇的人家对它更加疼爱。有一天，八公在帕克要上班时表现异常，居然玩起了以往从来不会的捡球游戏，八公的表现让帕克非常满意，可是就是在那天，帕克因病去世。帕克的妻子、女儿安迪（萨拉·罗默尔 Sarah Roemer 饰）及女婿迈克尔（罗比·萨布莱特 Robbie Sublett 饰）怀着无比沉痛的心情埋葬了帕克，可是不明就里的...
盗梦空间,导演: 克里斯托弗·诺兰 Christopher Nolan   主演: 莱昂纳多·迪卡普里奥 Le...,9.4,诺兰给了我们一场无法盗取的梦。,道姆·柯布（莱昂纳多·迪卡普里奥 Leonardo DiCaprio 饰）与同事阿瑟（约瑟夫·戈登-莱维特 Joseph Gordon-Levitt 饰）和纳什（卢卡斯·哈斯 Lukas Haas 饰）在一次针对日本能源大亨齐藤（渡边谦 饰）的盗梦行动中失败，反被齐藤利用。齐藤威逼利诱因遭通缉而流亡海外的柯布帮他拆分他竞争对手的公司，采取极端措施在其唯一继承人罗伯特·费希尔（希里安·墨菲 Cillian Murphy 饰）的深层潜意识中种下放弃家族公司、自立门户的想法。为了重返美国，柯布偷偷求助于岳父迈尔斯（迈克尔·凯恩 Michael Caine 饰），吸收了年轻的梦境设计师艾里阿德妮（艾伦·佩吉 Ellen Page 饰）、梦境演员艾姆斯（汤姆·哈迪 Tom Hardy 饰）和药剂师约瑟夫（迪利普·劳 Dileep Rao 饰）加入行动。在一层层...
三傻大闹宝莱坞,导演: 拉库马·希拉尼 Rajkumar Hirani   主演: 阿米尔·汗 Aamir Khan / 卡...,9.2,英俊版憨豆，高情商版谢耳朵。,本片根据印度畅销书作家奇坦·巴哈特（Chetan Bhagat）的处女作小说《五点人》（Five Point Someone）改编而成。法兰（马德哈万 R Madhavan 饰）、拉杜（沙曼·乔希 Sharman Joshi 饰）与兰乔（阿米尔·汗 Aamir Khan 饰）是皇家工程学院的学生，三人共居一室，结为好友。在以严格著称的学院里，兰乔是个非常与众不同的学生，他不死记硬背，甚至还公然顶撞校长“病毒”（波曼·伊拉尼 Boman Irani 饰），质疑他的教学方法。他不仅鼓动法兰与拉杜去勇敢追寻理想，还劝说校长的二女儿碧雅（卡琳娜·卡普 Kareena Kapoor 饰）离开满眼铜臭的未婚夫。兰乔的特立独行引起了模范学生“消音器”（奥米·维嘉 Omi Vaidya 饰）的不满，他约定十年后再与兰乔一决高下，看哪种生活方式更能取得成功。
放牛班的春天,导演: 克里斯托夫·巴拉蒂 Christophe Barratier   主演: 让-巴蒂斯特·莫尼...,9.3,天籁一般的童声，是最接近上帝的存在。 ,1949年的法国乡村，音乐家克莱门特（热拉尔·朱尼奥 饰）到了一间外号叫“塘低”的男子寄宿学校当助理教师。学校里的学生大部分都是难缠的问题儿童，体罚在这里司空见惯，学校的校长（弗朗索瓦·贝莱昂 饰）只顾自己的前途，残暴高压。
楚门的世界,导演: 彼得·威尔 Peter Weir   主演: 金·凯瑞 Jim Carrey / 劳拉·琳妮 Lau...,9.4,如果再也不能见到你，祝你早安，午安，晚安。,楚门（金•凯瑞 Jim Carrey 饰）是一个平凡得不能再平凡的人，除了一些有些稀奇的经历之外——初恋女友突然失踪、溺水身亡的父亲忽然似乎又出现在眼前，他和绝大多数30多岁的美国男人绝无异样。这令他倍感失落。他也曾试过离开自己生活了多年的地方，但总因种种理由而不能成行。
海上钢琴师,导演: 朱塞佩·托纳多雷 Giuseppe Tornatore   主演: 蒂姆·罗斯 Tim Roth / ...,9.3,每个人都要走一条自己坚定了的路，就算是粉身碎骨。 ,本片讲述了一个钢琴天才传奇的一生。
当幸福来敲门,导演: 加布里尔·穆奇诺 Gabriele Muccino   主演: 威尔·史密斯 Will Smith ...,9.2,平民励志片。 ,克里斯•加纳（威尔·史密斯 Will Smith 饰）用尽全部积蓄买下了高科技治疗仪，到处向医院推销，可是价格高昂，接受的人不多。就算他多努力都无法提供一个良好的生活环境给妻儿，妻子（桑迪·牛顿 Thandie Newton 饰）最终选择离开家。从此他带着儿子克里斯托夫（贾登·史密斯 Jaden Smith 饰）相依为命。克里斯好不容易争取回来一个股票投资公司实习的机会，就算没有报酬，成功机会只有百分之五，他仍努力奋斗，儿子是他的力量。他看尽白眼，与儿子躲在地铁站里的公共厕所里，住在教堂的收容所里…… 他坚信，幸福明天就会来临。
大话西游之大圣娶亲,导演: 刘镇伟 Jeffrey Lau   主演: 周星驰 Stephen Chow / 吴孟达 Man Tat Ng...,9.2,一生所爱。,至尊宝（周星驰 饰）被月光宝盒带回到五百年前，遇见紫霞仙子（朱茵 饰），被对方打上烙印成为对方的人，并发觉自己已变成孙悟空。
控方证人,导演: 比利·怀尔德 Billy Wilder   主演: 泰隆·鲍华 Tyrone Power / 玛琳·...,9.6,比利·怀德满分作品。,伦敦著名刑案辩护律师韦菲爵士（查尔斯•劳顿 Charles Laughton 饰）接受了心脏病治疗，但是身体依旧虚弱，第一天回家休养，护士一直严厉监督他服药，并杜绝烟酒。管家为了便于上楼，还专门为他修了电梯。但是，种种关心照顾，对于这位桀骜不驯、牙尖嘴利的大律师根本不起作用，反倒是一纸诉状令他倍感兴奋。律师梅休和当事人沃尔（泰隆•鲍华 Tyrone Power饰）登门拜访，请他出山打官司。原来，沃尔结识了富婆，两人相见甚欢，虽然仆人对他发明的打蛋器充满鄙夷，但是富婆却对他充满爱意，甚至为他修改了遗嘱，把8万英镑留给了他。然而，富婆却惨遭毒手。于是，沃尔成为警方的头号嫌疑犯。他的唯一证人是妻子克里斯汀（玛琳•黛德丽 Marlene Dietrich饰），然而后者登门时的冷漠与淡定，令韦菲爵士怀疑这其中另有隐情。在扑朔迷离的案件背后，隐藏着一个个环环相扣...
机器人总动员,导演: 安德鲁·斯坦顿 Andrew Stanton   主演: 本·贝尔特 Ben Burtt / 艾丽...,9.3,小瓦力，大人生。,公元2805年，人类文明高度发展，却因污染和生活垃圾大量增加使得地球不再适于人类居住。地球人被迫乘坐飞船离开故乡，进行一次漫长无边的宇宙之旅。临行前他们委托Buynlarge的公司对地球垃圾进行清理，该公司开发了名为WALL·E（Waste Allocation Load Lifters – Earth 地球废品分装员）的机器人担当此重任。
触不可及,导演: 奥利维·那卡什 Olivier Nakache / 艾力克·托兰达 Eric Toledano   主...,9.3,满满温情的高雅喜剧。,因为一次跳伞事故，白人富翁菲利普Philippe（弗朗索瓦·克鲁塞 François Cluzet 饰）瘫痪在床，欲招聘一名全职陪护。由于薪酬高，应聘者云集，个个舌灿莲花，却无法打动他的心。直到黑人德希斯Driss（奥玛·赛 Omar Sy 饰）的出现才让他作出决定。德希斯刚从监狱出来，背负家庭重担，一心只想寻张辞退信以申领救济金，而且他明显对女助理的兴趣要远大于这份工作。但是菲利普还是一眼相中了这个小伙子。于是，德希斯开始了一个月的试用期。虽然舒适的豪宅环境让他倍感虚荣，但是他仍面临很多挑战：不仅要为菲利普作身体复健，还得给他洗浴、灌肠、拆信、穿丝袜等。起初，两人的思维方式与价值观大相径庭，但是，随着了解的不断深入，他们成为了朋友……
无间道,导演: 刘伟强 / 麦兆辉   主演: 刘德华 Andy Lau / 梁朝伟 Tony Leung Chiu W...,9.3,香港电影史上永不过时的杰作。,1991年，香港黑帮三合会会员刘健明（刘德华）听从老大韩琛（曾志伟）的吩咐，加入警察部队成为黑帮卧底，韩琛许诺刘健明会帮其在七年后晋升为见习督察。1992年，警察训练学校优秀学员陈永仁（梁朝伟）被上级要求深入到三合会做卧底，终极目标是成为韩琛身边的红人。2002年，两人都不负重望，也都身背重压，刘健明渐想成为一个真正的好人，陈永仁则盼着尽快回归警察身份。
龙猫,导演: 宫崎骏 Hayao Miyazaki   主演: 日高法子 Noriko Hidaka / 坂本千夏 Ch...,9.2,人人心中都有个龙猫，童年就永远不会消失。,小月的母亲生病住院了，父亲带着她与四岁的妹妹小梅到乡间的居住。她们对那里的环境都感到十分新奇，也发现了很多有趣的事情。她们遇到了很多小精灵，她们来到属于她们的环境中，看到了她们世界中很多的奇怪事物，更与一只大大胖胖的龙猫成为了朋友。龙猫与小精灵们利用他们的神奇力量，为小月与妹妹带来了很多神奇的景观，令她们大开眼界。
教父,导演: 弗朗西斯·福特·科波拉 Francis Ford Coppola   主演: 马龙·白兰度 M...,9.3,千万不要记恨你的对手，这样会让你失去理智。,40年代的美国，“教父”维托·柯里昂（马龙·白兰度 饰）是黑手党柯里昂家族的首领，带领家族从事非法的勾当，但同时他也是许多弱小平民的保护神，深得人们爱戴。
熔炉,导演: 黄东赫 Dong-hyuk Hwang   主演: 孔侑 Yoo Gong / 郑有美 Yu-mi Jung /...,9.4,我们一路奋战不是为了改变世界，而是为了不让世界改变我们。,来自首尔的哑语美术老师仁浩（孔宥 饰）来到雾津，应聘慈爱聋哑人学校。天降大雾，他意外撞车，维修时邂逅了人权组织成员柔珍（郑有美 饰）。仁浩妻子早亡，8岁女儿天生哮喘由祖母照看，所以他不辞辛苦谋职养家。然而，双胞胎的校长与教导主任竟逼仁浩索贿5千万韩元。同时，仁浩逐渐发现学校笼罩着一种紧张压抑的气氛，令人窒息。有三个孩子引人关注：聪颖的金妍斗（金贤秀 饰）、贪吃的陈宥利（郑仁絮 饰）和弟弟自杀身亡的全民秀（白承焕 饰），民秀总是满脸淤青。下课后，仁浩还听到女厕所中有呼喊与哭泣，在门卫的阻拦下他未深究。之后。他意外目睹了校长行贿警察，教导员毒打民秀，宿导溺罚妍斗的行径。一个惊天的隐秘被慢慢揭开，真相令韩国震惊……
疯狂动物城,导演: 拜伦·霍华德 Byron Howard / 瑞奇·摩尔 Rich Moore   主演: 金妮弗·...,9.2,迪士尼给我们营造的乌托邦就是这样，永远善良勇敢，永远出乎意料。,故事发生在一个所有哺乳类动物和谐共存的美好世界中，兔子朱迪（金妮弗·古德温 Ginnifer Goodwin 配音）从小就梦想着能够成为一名惩恶扬善的刑警，凭借着智慧和努力，朱迪成功的从警校中毕业进入了疯狂动物城警察局，殊不知这里是大型肉食类动物的领地，作为第一只，也是唯一的小型食草类动物，朱迪会遇到怎样的故事呢？
怦然心动,导演: 罗伯·莱纳 Rob Reiner   主演: 玛德琳·卡罗尔 Madeline Carroll / 卡...,9.1,真正的幸福是来自内心深处。,布莱斯（卡兰•麦克奥利菲 Callan McAuliffe 饰）全家搬到小镇，邻家女孩朱丽（玛德琳•卡罗尔 Madeline Carroll 饰）前来帮忙。她对他一见钟情，心愿是获得他的吻。两人是同班同学，她一直想方设法接近他，但是他避之不及。她喜欢爬在高高的梧桐树上看风景。但因为施工，树被要被砍掉，她誓死捍卫，希望他并肩作战，但是他退缩了。她的事迹上了报纸，外公对她颇有好感，令他十分困惑。她凭借鸡下蛋的项目获得了科技展第一名，成了全场焦点，令他黯然失色。她把自家鸡蛋送给他，他听家人怀疑她家鸡蛋不卫生，便偷偷把鸡蛋丢掉。她得知真相，很伤心，两人关系跌入冰点。她跟家人诉说，引发争吵。原来父亲一直攒钱照顾傻弟弟，所以生活拮据。她理解了父母，自己动手，还得到了他外公的鼎力相助。他向她道歉，但是并未解决问题。他开始关注她。鸡蛋风波未平，家庭晚宴与午餐男孩评选...
末代皇帝,导演: 贝纳尔多·贝托鲁奇 Bernardo Bertolucci   主演: 尊龙 John Lone / 陈...,9.3,“不要跟我比惨，我比你更惨”再适合这部电影不过了。,溥仪（尊龙 饰）的一生在电影中娓娓道来。他从三岁起登基，年幼的眼光中只有大臣身上的一只蝈蝈，江山在他心中只是一个不明所以的名词。长大了，他以为可以变革，却被太监一把火烧了朝廷账本。他以为自己是大清江山的主人，却做了日本人的傀儡。
活着,导演: 张艺谋 Yimou Zhang   主演: 葛优 You Ge / 巩俐 Li Gong / 姜武 Wu Jiang,9.3,张艺谋最好的电影。,根据余华同名小说改编。
哈利·波特与魔法石,导演: Chris Columbus   主演: Daniel Radcliffe / Emma Watson / Rupert Grint,9.2,童话世界的开端。,哈利波特是一个孤儿，从小寄养在姨妈家，受尽欺凌。但就在哈利11岁生日的时候，他意外收到了霍格沃茨学院的入学通知书。哈利从该学院派来接他的巨人海格口中得知，这是一间魔法学院，并得知了自己的身世，原来哈利的父母都是伟大的魔法师，在对付伏地魔的战斗中双双献身，唯有哈利幸免于难。
指环王3：王者无敌,导演: 彼得·杰克逊 Peter Jackson   主演: 伊利亚·伍德 Elijah Wood / 西恩...,9.3,史诗的终章。,魔幻战争逐渐进入高潮阶段。霍比特人佛罗多（伊利亚·伍德 Elijah Wood 饰）携带着魔戒，与伙伴山姆（西恩·奥斯汀 Sean Astin 饰）以及狡猾阴暗的咕噜等前往末日山，一路上艰难险阻不断，魔君索伦为阻止魔戒被销毁用尽全力阻挠。另一方面，白袍巫师甘道夫（伊恩·麦克莱恩 Ian McKellen 饰）率中土勇士们镇守刚铎首都——白城米那斯提里斯。魔兽大军压境，黑暗与光明的决战即将来临……
蝙蝠侠：黑暗骑士,导演: 克里斯托弗·诺兰 Christopher Nolan   主演: 克里斯蒂安·贝尔 Christ...,9.2,无尽的黑暗。,从亲眼目睹父母被人杀死的阴影中走出来的“蝙蝠侠”，经历了成长之后，已经不再是那个桀骜不的孤单英雄了。在警官吉姆·戈登和检查官哈维·登特的通力帮助下，“蝙蝠侠”无后顾之忧地继续满世界的奔波，与日益增长起来的犯罪威胁做着永无休止的争斗，而他所在的高谭市，也是进展最为明显的地方，犯罪率以一种惊人的速度持续下降着，毕竟对方是能够上天入地的“蝙蝠侠”，不借两个胆子谁还敢造次呢？不过像高谭这种科技与污秽并存的城市，平静是不可能维持太久的，果不其然，新一轮的混乱很快就席卷了整个城市，人们再一被被恐慌所笼罩着，而声称愿意为这一切负责的，自然就是所有混乱的源头以及支配者--“小丑”了。
寻梦环游记,导演: 李·昂克里奇 Lee Unkrich / 阿德里安·莫利纳 Adrian Molina   主演: ...,9.1,死亡不是真的逝去，遗忘才是永恒的消亡。,热爱音乐的米格尔（安东尼·冈萨雷兹 Anthony Gonzalez 配音）不幸地出生在一个视音乐为洪水猛兽的大家庭之中，一家人只盼着米格尔快快长大，好继承家里传承了数代的制鞋产业。一年一度的亡灵节即将来临，每逢这一天，去世的亲人们的魂魄便可凭借着摆在祭坛上的照片返回现世和生者团圆。
乱世佳人,导演: 维克多·弗莱明 Victor Fleming / 乔治·库克 George Cukor   主演: 费...,9.3,Tomorrow is another day.,美国南北战争前夕，南方农场塔拉庄园的千金斯嘉丽（费雯·丽 Vivien Leigh 饰）爱上了另一个农场主的儿子艾希礼（莱斯利·霍华德 Leslie Howard 饰），遭到了拒绝，为了报复，她嫁给了自己不爱的男人，艾希礼妻子梅兰妮（奥利维娅·德哈维兰 Olivia de Havilland 饰）的弟弟查尔斯。
我不是药神,导演: 文牧野 Muye Wen   主演: 徐峥 Zheng Xu / 王传君 Chuanjun Wang / 周...,9.0,对我们国家而言，这样的电影多一部是一部。,普通中年男子程勇（徐峥 饰）经营着一家保健品店，失意又失婚。不速之客吕受益（王传君 饰）的到来，让他开辟了一条去印度买药做“代购”的新事业，虽然困难重重，但他在这条“买药之路”上发现了商机，一发不可收拾地做起了治疗慢粒白血病的印度仿制药独家代理商。赚钱的同时，他也认识了几个病患及家属，为救女儿被迫做舞女的思慧（谭卓 饰）、说一口流利“神父腔”英语的刘牧师（杨新鸣 饰），以及脾气暴烈的“黄毛”（章宇 饰），几个人合伙做起了生意，利润倍增的同时也危机四伏。程勇昔日的小舅子曹警官（周一围 饰）奉命调查仿制药的源头，假药贩子张长林（王砚辉 饰）和瑞士正牌医药代表（李乃文 饰）也对其虎视眈眈，生意逐渐变成了一场关于救赎的拉锯战。
飞屋环游记,导演: 彼特·道格特 Pete Docter / 鲍勃·彼德森 Bob Peterson   主演: 爱德...,9.1,最后那些最无聊的事情，才是最值得怀念的。 ,小男孩卡尔（Carl Fredricksen）怀揣着对于冒险的热爱偶遇假小子艾丽（Ellie），而艾丽把整个屋子当成一艘大飞船游戏居然使他对这个女孩子有些着迷，相同的爱好最终使两个人成为了一生的爱侣。
素媛,导演: 李濬益 Jun-ik Lee   主演: 薛景求 Kyung-gu Sol / 严志媛 Ji-won Uhm ...,9.3,受过伤害的人总是笑得最开心，因为他们不愿意让身边的人承受一样的痛苦。,她（李来 饰）是一个美丽平凡的小女孩，和爸爸妈妈生活在位于街角的家中。家里经营着以她的名字素媛命名的杂货店，母亲（严智媛 饰）作为老板娘日夜忙碌不得闲暇，父亲则在工厂干着繁重的工作。在那个飘雨的早上，素媛打着雨伞独自上学。在离学校近在咫尺的地方，她遭遇一个相貌猥琐、酒气冲天的大叔，由此开启了她的悲剧之旅。柔嫩的小花遭到暴风雨无情摧残，受伤的岂止枝枝叶叶，更是那迎着阳光无忧成长的心。无良媒体铺天盖地大肆渲染，作为受害者的素媛一家仿佛成了周身污秽的耻辱之人，被四周诧异好奇的目光所包围。
十二怒汉,导演: Sidney Lumet   主演: 亨利·方达 Henry Fonda / 马丁·鲍尔萨姆 Marti...,9.4,1957年的理想主义。 ,一个在贫民窟长大的18岁少年因为涉嫌杀害自己的父亲被告上法庭，证人言之凿凿，各方面的证据都对他极为不利。十二个不同职业的人组成了这个案件的陪审团，他们要在休息室达成一致的意见，裁定少年是否有罪，如果罪名成立，少年将会被判处死刑。
钢琴家,导演: 罗曼·波兰斯基 Roman Polanski   主演: 艾德里安·布洛迪 Adrien Brod...,9.3,音乐能化解仇恨。,史标曼（艾德里安•布洛迪 Adrien Brody 饰）是波兰一家电台的钢琴师。二战即将爆发之时，他们全家被迫被赶进华沙的犹太区。在战争的颠沛流离中，家人和亲戚最终被纳粹杀害，而史标曼本人也受尽种种羞辱和折磨，他侥幸得到一位朋友的帮助，暂时有了藏身之处。战争愈加猛烈，朋友不得不抛下他回老家寻得安全的住所养育儿女。此时史标曼恶病缠身，却还要在搜捕中逃亡。在废墟的阁楼上他遇见了一名德国军官，在军官的要求下他弹奏了钢琴曲。美妙的琴声令德国军官萌发了恻隐之心，他暗暗帮助史标曼直到苏军对波兰的解放到来…… 影片根据波兰钢琴家瓦拉迪斯罗•斯皮曼(Wladyslaw Szpilman)的自传体小说《死亡城市》改编。
闻香识女人,导演: 马丁·布莱斯 Martin Brest   主演: 阿尔·帕西诺 Al Pacino / 克里斯...,9.1,史上最美的探戈。,查理（克里斯•奥唐纳 Chris O'Donnell  饰）是一个普通的中学生，他因为见证着一件恶作剧但又不想出卖朋友，于是面临着一道艰难的选择题——要么坦白，要么被学校勒退。而史法兰（阿尔•帕西诺 Al Pacino  饰）是一个退伍军官，因为意外失明，人生从顶点的辉煌滑落谷底。
大话西游之月光宝盒,导演: 刘镇伟 Jeffrey Lau   主演: 周星驰 Stephen Chow / 吴孟达 Man Tat Ng...,9.0,旷古烁今。,孙悟空（周星驰）护送唐三藏（罗家英）去西天取经路上，与牛魔王合谋欲杀害唐三藏，并偷走了月光宝盒，此举使观音萌生将其铲除心思，经唐三藏请求，孙悟空被判五百年后重新投胎做人赎其罪孽。
天空之城,导演: 宫崎骏 Hayao Miyazaki   主演: 田中真弓 Mayumi Tanaka / 横泽启子 Ke...,9.2,对天空的追逐，永不停止。 ,古老帝国拉普达是一座漂浮在空中的巨大的机器岛，传说那里已经无人居住，蕴藏着巨大的财富。因此，无论军方还是海盗，都在找寻着这座传说中的飞行岛。
鬼子来了,导演: 姜文 Wen Jiang   主演: 姜文 Wen Jiang / 香川照之 Teruyuki Kagawa /...,9.3,对敌人的仁慈，就是对自己残忍。,第二次世界大战期间，中国河北挂甲台村的农民马大三（姜文饰）在日本人的统治下过着平静的生活。一个晚上，游击队绑架了日军陆军士兵花屋小三郎（香川照之饰）和翻译董汉臣，把他们捆绑塞入麻袋放在马大三家里，并吩咐马好好看管，几天后的大年三十来带人。马大三和村民战战兢兢地看守两人，花屋小三郎和董汉臣数次发出求救信号，皆被村民化解。半年过去了，村民们担心事情暴露，却又不敢把花屋等放了。
哈尔的移动城堡,导演: 宫崎骏 Hayao Miyazaki   主演: 倍赏千惠子 Chieko Baishô / 木村拓...,9.1,带着心爱的人在天空飞翔。,继母因无力负担生活，将苏菲和她的两个妹妹都送到了制帽店去当学徒。两个妹妹很快先后就离开了制帽店去追寻各自的梦想，只有苏菲坚持了下来。一天，小镇旁边来了一座移动堡垒，传说堡垒的主人哈尔专吸取年青姑娘的灵魂，所以小镇的姑娘都不敢靠近。
指环王2：双塔奇兵,导演: 彼得·杰克逊 Peter Jackson   主演: 伊利亚·伍德 Elijah Wood / 西恩...,9.2,承前启后的史诗篇章。,第二部在延续第一部风格的同时，故事呈现出多线发展的格局，情节有了更高的观赏性。
何以为家,导演: 娜丁·拉巴基 Nadine Labaki   主演: 扎因·拉费阿 Zain al-Rafeea / ...,9.1,凝视卑弱生命，用电影改变命运。,法庭上，十二岁的男孩赞恩向法官状告他的亲生父母，原因是，他们给了他生命。是什么样的经历让一个孩子做出如此不可思议的举动？故事中，赞恩的父母在无力抚养和教育的状况下依然不停生育，作为家中的长子赞恩，弱小的肩膀承担了无数生活的重压。当妹妹被强行卖给商贩为妻时，赞恩愤怒离家，之后遇到一对没有合法身份的母子，相互扶持勉强生活。然而生活并没有眷顾赞恩，重重磨难迫使他做出了令人震惊的举动……
让子弹飞,导演: 姜文 Wen Jiang   主演: 姜文 Wen Jiang / 葛优 You Ge / 周润发 Yun-F...,9.0,你给我翻译翻译，神马叫做TMD的惊喜。,民国年间，花钱捐得县长的马邦德（葛优 饰）携妻（刘嘉玲 饰）及随从走马上任。途经南国某地，遭劫匪张麻子（姜文 饰）一伙伏击，随从尽死，只夫妻二人侥幸活命。马为保命，谎称自己是县长的汤 师爷。为汤师爷许下的财富所动，张麻子摇身一变化身县长，带着手下赶赴鹅城上任。有道是天高皇帝远，鹅城地处偏僻，一方霸主黄四郎（周润发 饰）只手遮天，全然不将这个新来的县长放在眼里。张麻子痛打了黄的武教头（姜武 饰），黄则设计害死张的义子小六（张默 饰）。原本只想赚钱的马邦德，怎么也想不到竟会被卷入这场土匪和恶霸的角力之中。鹅城上空愁云密布，血雨腥风在所难免……
少年派的奇幻漂流,导演: 李安 Ang Lee   主演: 苏拉·沙玛 Suraj Sharma / 伊尔凡·可汗 Irrfan...,9.1,瑰丽壮观、无人能及的冒险之旅。,故事开始于蒙特娄，也结束于蒙特娄。一名在找寻灵感的作家（拉菲·斯波 Rafe Spall 饰）无意间得知派·帕帖尔（伊尔凡·可汗 Irrfan Khan 饰）的传奇故事。派的父亲（阿迪勒·侯赛因 Adil Hussain 饰）开了一家动物园。因这样特殊的生活环境，少年派（苏拉·沙玛 Suraj Sharma 饰 ）对信仰与人的本性自有一套看法。在派17岁那一年，他的父母决定举家移民加拿大以追求更好的生活，而他也必须离开他的初恋情人。在前往加拿大的船上，他们遇见一位残忍成性的法国厨师（杰拉尔·德帕迪约 Gérard Depardieu 饰）。当天深夜在茫茫大海中，原本令派感到刺激无比的暴风雨一瞬间就成了吞噬货船的大灾难。派却奇迹般地活了下来，搭着救生船在太平洋上漂流，而且有一名最令人意想不到的同伴——理查德·帕克，一只孟加拉老虎。神奇的冒险旅程就这样意...
猫鼠游戏,导演: 史蒂文·斯皮尔伯格 Steven Spielberg   主演: 莱昂纳多·迪卡普里奥 L...,9.1,骗子大师和执著警探的你追我跑故事。 ,弗兰克（莱昂纳多·迪卡普里奥 Leonardo DiCaprio饰）是FBI有史以来年龄最小的通缉犯。他的犯罪手段神通广大，伪装身份的能力超乎常人，全美各地几乎都留下他的犯罪足迹。乔装医生、律师、飞行员，统统都是他曾经的身份。当然，弗兰克凭着这个“本领”，骗取了高达几百万的金额。
海蒂和爷爷,导演: 阿兰·葛斯彭纳 Alain Gsponer   主演: 阿努克·斯特芬 Anuk Steffen /...,9.3,如果生活中有什么使你感到快乐，那就去做吧！不要管别人说什么。,孤儿海蒂（阿努克·斯特芬 饰）被姨母迪蒂（安娜·希恩斯 饰）送上了阿尔卑斯山，与远离小镇独居于高山的祖父（布鲁诺·甘茨 饰）一同生活。活泼的海蒂在这里如鱼得水，不仅收获了羊倌彼得（奎林·阿格里皮 饰）的友情和孤僻祖父的亲情，还与山下彼得的家人打成一片。一天，海蒂同彼得在山上放羊，姨母突然出现，连哄带骗将海蒂卖到法兰克福的泽塞曼家。从此，目不识A的海蒂成为了小姐克拉拉（伊莎贝尔·奥特曼 饰）的伴读。克拉拉幼年丧母，大病一场再不能站立，只能被困在豪宅中与轮椅相伴。父亲（马克西姆·梅米特 饰）常年在外很少回家，寂寞的克拉拉把海蒂当成了救命稻草。海蒂能适应泽塞曼家的新生活吗？远在天边的祖父和彼得还能再见吗？克拉拉的腿还有好起来的希望吗？
摔跤吧！爸爸,导演: 涅提·蒂瓦里 Nitesh Tiwari   主演: 阿米尔·汗 Aamir Khan / 法缇玛...,9.0,你不是在为你一个人战斗，你要让千千万万的女性看到女生并不是只能相夫教子。,马哈维亚（阿米尔·汗 Aamir Khan 饰）曾经是一名前途无量的摔跤运动员，在放弃了职业生涯后，他最大的遗憾就是没有能够替国家赢得金牌。马哈维亚将这份希望寄托在了尚未出生的儿子身上，哪知道妻子接连给他生了两个女儿，取名吉塔（法缇玛·萨那·纱卡 Fatima Sana Shaikh 饰）和巴比塔（桑亚·玛荷塔 Sanya Malhotra 饰）。让马哈维亚没有想到的是，两个姑娘展现出了杰出的摔跤天赋，让他幡然醒悟，就算是女孩，也能够昂首挺胸的站在比赛场上，为了国家和她们自己赢得荣誉。
小鞋子,导演: 马基德·马基迪 Majid Majidi   主演: 默罕默德·阿米尔·纳吉 Mohamma...,9.2,奔跑的孩子是天使。,家境贫寒的男孩Ali（Amir Farrokh Hashemian）帮妹妹Zahra（Bahare Seddiqi）取修补好的鞋子时，不慎将鞋子弄丢，为了不被父（Mohammad Amir Naji）、母（Fereshte Sarabandi ）责罚，他央求Zahra暂时保密，说两人可以替换着穿他的鞋子上学，并答应一定会帮她买双新鞋子。
禁闭岛,导演: Martin Scorsese   主演: 莱昂纳多·迪卡普里奥 Leonardo DiCaprio / ...,8.9,昔日翩翩少年，今日大腹便便。,本片根据美国小说家丹尼斯·勒翰（Dennis Lehane）的同名小说改编。 1954年，联邦警官泰迪（莱昂纳多·迪卡普里奥 Leonardo DiCaprio 饰）和搭档查克（马克·鲁弗洛 Mark Ruffalo 饰）乘船来到波士顿附近的禁闭岛精神病犯监狱调查一桩离奇失踪案。手刃亲生骨肉的女犯蕾切尔（艾米莉·莫迪默 Emily Mortimer 饰）从戒备森严的牢室神秘逃脱，藏匿于孤岛深处。泰迪怀疑监狱的主治精神病医师约翰·考利（本·金斯利 Ben Kingsley 饰）有意隐瞒内情，并向查克透露他上岛的真实目的其实是寻找当年纵火烧死他妻子德洛丽丝（米歇尔·威廉姆斯 Michelle Williams 饰）的管理员，并揭露美国政府利用精神病犯人进行人体科学实验的罪行。但随着调查的逐渐深入，真相却变得越来越扑朔迷离……
沉默的羔羊,导演: 乔纳森·戴米 Jonathan Demme   主演: 朱迪·福斯特 Jodie Foster / 安...,8.9,安东尼·霍普金斯的顶级表演。,联调局学院学员 Clarice M. Starling（乔迪·福斯特 饰）受行为科学组的 Jack Crawford（斯科特·格伦 饰）指派，前往州立巴尔的摩法医院访问被监禁的精神科医生 Hannibal Lecter（安东尼·霍普金斯 饰）。Lecter要求转到条件较 好的联邦机构，远离常常折磨他的 Frederick Chilton 医生（安东尼·希尔德 饰），并愿意为此提供持续作案的连环杀手水牛比尔（泰德·莱文 饰）的心理分析……
布达佩斯大饭店,导演: 韦斯·安德森 Wes Anderson   主演: 拉尔夫·费因斯 Ralph Fiennes / ...,8.9,小清新的故事里注入了大历史的情怀。,故事要从一位无名作家（裘德·洛 Jude Law 饰）说起，为了专心创作，他来到了名为“布达佩斯”的饭店，在这里，作家遇见了饭店的主人穆斯塔法（F·莫里·亚伯拉罕 F. Murray Abraham 饰），穆斯塔法邀请作家共进晚餐，席间，他向作家讲述了这座饱经风雨的大饭店的前世今生。
低俗小说,导演: 昆汀·塔伦蒂诺 Quentin Tarantino   主演: 约翰·特拉沃尔塔 John Tra...,8.9,故事的高级讲法。,《低俗小说》由“文森特和马沙的妻子”、“金表”、“邦妮的处境”三个故事以及影片首尾的序幕和尾声五个部分组成。看似独立的小故事里面，却又有环环相扣的人和事。
致命魔术,导演: 克里斯托弗·诺兰 Christopher Nolan   主演: 休·杰克曼 Hugh Jackman...,8.9,孪生蝙蝠侠大战克隆金刚狼。,19世纪末，人们对科学文明还不是认识得太过清楚，于是，安吉尔（休•杰克曼Hugh Jackman饰）和伯登（克里斯蒂安•贝尔Christian Bale饰）的魔术，成为了伦敦城内的神奇人物。安吉尔出身贵族，魔术手段华丽丰富，是富人圈子里的表演常客。而伯登即使出身平平，争强好胜的心智和充满创造力的魔术技巧，却也令他有了名气。两人自小本是要好的伙伴，然而，现在魔术界二人各有领地，并且都有野心想成为音乐大厅里的顶级魔术师，一番明争暗斗如箭在弦上。
蝴蝶效应,导演: 埃里克·布雷斯 Eric Bress / J·麦基·格鲁伯 J. Mackye Gruber   主...,8.9,人的命运被自己瞬间的抉择改变。,伊万（艾什顿·库奇 Ashton Kutcher 饰）曾经有一个糟糕的童年，因为他行为闯下了大祸，令他童年充满不堪回忆的往事。而事实上，他确实只是依稀记得一点可怕的情景，这些情景一直纠缠着他的正常生活。伊万接受心理学家建议，把琐碎生活记在记事本里，却偶然发现通过记事本回到过去。
海豚湾,导演: 路易·西霍尤斯 Louie Psihoyos   主演: 路易·西霍尤斯 Louie Psihoyo...,9.3,海豚的微笑，是世界上最高明的伪装。,日本和歌山县太地，是一个景色优美的小渔村，然而这里却常年上演着惨无人道的一幕。每年，数以万计的海豚经过这片海域，他们的旅程却在太地戛然而止。渔民们将海豚驱赶到靠近岸边的一个地方，来自世界各地的海豚训练师挑选合适的对象，剩下的大批海豚则被渔民毫无理由地赶尽杀绝。这些屠杀，这些罪行，因为种种利益而被政府和相关组织所隐瞒。
心灵捕手,导演: 格斯·范·桑特 Gus Van Sant   主演: 马特·达蒙 Matt Damon / 罗宾·...,8.9,人生中应该拥有这样的一段豁然开朗。,麻省理工学院的数学教授蓝波在席上公布了一道困难的数学题，却被年轻的清洁工威尔（马特·戴蒙 饰）解了出来。可是威尔却是个问题少年，成天和好朋友查克（本·阿弗莱特 饰）等人四处闲逛，打架滋事。当蓝波找到这个天才的时候，他正因为打架袭警被法庭宣判送进看守所。蓝波向法官求情保释，才使他免于牢狱之灾。
功夫,导演: 周星驰 Stephen Chow   主演: 周星驰 Stephen Chow / 元秋 Qiu Yuen / ...,8.8,警恶惩奸，维护世界和平这个任务就交给你了，好吗？,1940年代的上海，自小受尽欺辱的街头混混阿星（周星驰）为了能出人头地，可谓窥见机会的缝隙就往里钻，今次他盯上行动日益猖獗的黑道势力“斧头帮”，想借之大名成就大业。
哈利·波特与阿兹卡班的囚徒,导演: Alfonso Cuarón   主演: 丹尼尔·雷德克里夫 Daniel Radcliffe / Emma...,8.9,不一样的导演，不一样的哈利·波特。,哈利（丹尼尔·雷德克里夫）即将在霍格沃兹渡过第三个年头，此时在阿兹塔班却传出恶棍小天狼星（加里·奥德曼）越狱的消息。据说小天狼星正是背叛哈利父母的好友，他的教父，而这次小天狼星越狱似乎正是为了找他。哈利的心里悄悄的滋生了为父母报仇的想法，期待着小天狼星的出现。
红辣椒,导演: 今敏 Satoshi Kon   主演: 林原惠美 Megumi Hayashibara / 江守彻 Toru...,9.1,梦的勾结。,近未来，为了治疗现代人类越来越多、越来越严重的精神疾病，位于东京的精神医疗综合研究所开发出一种可以反映他人梦境的机器。通过微型DC的帮助，梦境在显示器上呈现出来，更方便找到一个人焦虑的症结。
喜剧之王,导演: 周星驰 Stephen Chow / 李力持 Lik-Chi Lee   主演: 周星驰 Stephen Ch...,8.8,我是一个演员。,尹天仇（周星驰 饰）一直醉心戏剧，想成为一名演员，平时除了做跑龙套以外，还会在街坊福利会里开设演员训练班。此时舞小姐柳飘飘在妈妈桑的带领下来到这里要求学做戏，原来柳飘飘有一段非常不愉快的经历，在尹天仇对她指导的过程中，柳飘飘对尹天仇渐生情愫，同时她也成为了夜总会里当红的小姐。尹天仇受到了极多白眼之后，终于得到了大明星鹃姐（莫文蔚 饰）的赏识，提携他担演新戏中的男主角，但没想到突然把他的角色换掉了，令他失望不已。在片场当场务的卧底警员（吴孟达 饰）身份被识穿，尹天仇阴差阳错的帮忙破了案。之后尹天仇继续活跃在街坊福利会的演员训练班里。
春光乍泄,导演: 王家卫 Kar Wai Wong   主演: 张国荣 Leslie Cheung / 梁朝伟 Tony Leu...,9.0,爱情纠缠，男女一致。,黎耀辉（梁朝伟）与何宝荣（张国荣）是一对同性恋人，为了有新的开始，他们怀着美丽的梦想（去看南美洲大瀑布）离开香港来到阿根廷，却在布宜诺斯艾利斯迷了路。黎耀辉想安下心来过日子，无奈何宝荣于夜夜笙歌中放纵着自己的生命，以期找寻更多的刺激，只当黎耀辉是他受伤后的港湾，两人分歧 、争吵越来越多，心的距离越来越远。
七宗罪,导演: 大卫·芬奇 David Fincher   主演: 摩根·弗里曼 Morgan Freeman / 布...,8.8,警察抓小偷，老鼠玩死猫。,“暴食”、“贪婪”、“懒惰”、“嫉妒”、“骄傲”、“淫欲”、“愤怒”，这是天主教教义所指的人性七宗罪。城市中发生的连坏杀人案，死者恰好都是犯有这些教义的人。凶手故弄玄虚的作案手法，令资深冷静的警员沙摩塞（摩根•弗里曼 Morgan Freeman 饰）和血气方刚的新扎警员米尔斯（布拉德•皮特 Brad Pitt 饰）都陷入了破案的谜团中。他们去图书馆研读但丁的《神曲》，企图从人间地狱的描绘中找到线索，最后从宗教文学哲学的世界中找到了凶手作案计划和手段的蛛丝马迹。凶手前来投案自首，这令众人都松了一口气，以为案件就此结束，怎料还是逃不出七宗罪的杀人逻辑，这次凶手瞄准的目标，是那个犯了“愤怒”罪的人……
美国往事,导演: 赛尔乔·莱翁内 Sergio Leone   主演: 罗伯特·德尼罗 Robert De Niro ...,9.2,往事如烟，无处祭奠。,1933年，纽约流氓Noodles（罗伯特·德·尼罗 饰）因向哈洛伦警司（布鲁斯·巴伦堡 饰）通风报信害死了三名同伙而被追杀。逃亡之前，他打开了存放帮派基金的手提箱，里面却只有报纸。 1968年，已改名换姓的Noodles收到一封犹太会堂通知迁葬亲友的信。Noodles联系拉比，得知信是八个月前寄出的，他的三名同伙已被迁葬至一所豪华公墓。Noodles回到纽约，找老友莫（拉里·拉普 饰）了解情况，却一无所获。闲谈中，Noodles问起莫的妹妹黛博拉（伊丽莎白·麦戈文 饰）的情况，得知其已成名角。 原来，两人少时互有好感，但黛博拉（詹妮弗·康纳利 饰）志向高远脚踏实地，理智地将街头混混Noodles（斯科特·提勒 饰）拒于门外。 Noodles在公墓发现了一把钥匙，并用钥匙打开了当年存放手提箱的储物柜。这一次，箱子里有满满的百元钞，还有写着“下一份工作...
狩猎,导演: 托马斯·温特伯格 Thomas Vinterberg   主演: 麦斯·米科尔森 Mads Mik...,9.1,人言可畏。,刚刚和妻子离婚的卢卡斯（麦斯·米科尔森 Mads Mikkelsen 饰）目前在一家托儿所工作，心地善良个性温和的他很快就受到了同事和孩子们的喜爱，其中，一个名叫卡拉（安妮卡·韦德科普 Annika Wedderkopp 饰）的早熟女孩对卢卡斯尤为的亲近。面对女孩幼稚 而单纯的示好，卢卡斯只能婉转的拒绝，可令他没有想到的是，这一举动将他的生活推向了风口浪尖。
一一,导演: 杨德昌 Edward Yang   主演: 吴念真 / 李凯莉 Kelly Lee / 金燕玲 Elai...,9.1,我们都曾经是一一。,NJ（吴念真）是个很有原则的生意人，同妻子敏敏（金燕玲）、女儿婷婷（李凯莉）、儿子洋洋（张杨洋）以及外婆住在台北某所普通公寓里。小舅子的一场麻烦婚礼过后，因为外婆突然中风昏迷，他迎来更加混乱的日子。
加勒比海盗,导演: 戈尔·维宾斯基 Gore Verbinski   主演: 约翰尼·德普 Johnny Depp / ...,8.8,约翰尼·德普的独角戏。,"故事发生在17世纪，传说中海盗最为活跃的加勒比海。风趣迷人的杰克·斯伯洛（约翰尼·德普 Johnny Depp 饰），是活跃在加勒比海上的海盗，拥有属于自己的“黑珍珠”号海盗船。对他来说，最惬意的生活就是驾驶着“黑珍珠”号在加勒比海上游荡，自由自在的打劫过往船只。但不幸的是，他的仇敌，老谋深算的巴尔巴罗萨船长(杰弗里·拉什 Geoffrey Rush 饰)偷走了他的“黑珍珠”号。巴伯萨是一个无恶不作的坏蛋，他抢劫了杰克的""黑珍珠号""后，更加猖狂，在加勒比海上横行霸道，一时成为整个加勒比海的霸主。"
杀人回忆,导演: 奉俊昊 Joon-ho Bong   主演: 宋康昊 Kang-ho Song / 金相庆 Sang-kyun...,8.9,关于连环杀人悬案的集体回忆。,1986年，韩国京畿道华城郡，热得发昏的夏天，在田野边发现一具女尸，早已发臭。小镇警察朴探员（宋康昊饰）和汉城来的苏探员（金相庆饰）接手案件，唯一可证实的是这具女尸生前被强奸过。线索的严重缺乏让毫无经验的朴探员和搭档曹探员（金罗河饰）只凭粗暴逼供和第六感推断，几次将犯罪 嫌疑人屈打成招。而苏探员客观冷静，据理分析，几次排除嫌疑，警察内部为了证明与推翻矛盾不断，然而无辜女子还是接二连三被残忍杀害，他们只好达成共识一起合作。此时，一个极其符合作案特征的小青年（朴海日饰）成为最大嫌疑人，警方神经绷紧地锁定住他，同时DNA检测报告也被送往美国，然而案件并未在此处停止。
哈利·波特与密室,导演: Chris Columbus   主演: 丹尼尔·雷德克里夫 Daniel Radcliffe / 艾玛...,8.9,魔法的密室之门已打开...,哈利波特（丹尼尔•雷德克里夫 Daniel Radcliffe 饰）结束了假期，即将回到霍格沃兹继续学习魔法。一个叫多比的家养小精灵警告哈利不要回到霍格沃兹，否则会陷入极大的危险。哈利没有听从多比的劝告，回到了霍格沃兹。很快，霍格沃兹发生了一连窜怪事:接二连三出现学生被石化，一直找不出原因。而哈利总能听到一种奇怪的声音，从墙壁里传出来。
摩登时代,导演: 查理·卓别林 Charles Chaplin   主演: 查理·卓别林 Charles Chaplin ...,9.3,大时代中的人生，小人物的悲喜。,二十年代的美国处于经济萧条时期，失业率居高不下，工人受尽压榨，成为了大机器生产中的一颗螺丝钉。查理（查理·卓别林 Charles Chaplin 饰）就是一个底层市民，他在一个机器隆隆的厂房里日以继夜地工作，以赚取微薄的收入。重复繁重的工作压得他喘不过气，他把人们的鼻子当成螺丝钉来拧，卷入流水线机器的皮带里，令人苦笑不得。
致命ID,导演: 詹姆斯·曼高德 James Mangold   主演: 约翰·库萨克 John Cusack / 雷...,8.9,最不可能的那个人永远是最可能的。,一个典型而又引人入胜的悬疑故事：一个汽车旅馆里，住进了10个人，他们中间有司机、妓女、过气女星、夫妇、警探和他的犯人，还有神秘的旅馆经理。这天风雨大作，通讯中断，10人被困在了旅馆里，惊悚的故事开始了。
唐伯虎点秋香,导演: 李力持 Lik-Chi Lee   主演: 周星驰 Stephen Chow / 巩俐 Li Gong / 陈...,8.7,华太师是黄霑，吴镇宇四大才子之一。,唐伯虎（周星驰 饰）身为江南四大才子之首，却有道不尽的心酸。宁王想唐伯虎帮忙图谋作反，唐伯虎只好用内功改变脉象，令众人都相信他命不久矣。母亲埋怨他不应该把功夫暴露，因为他们家族一直被当年的仇人追杀。唐伯虎在与朋友出游时，遇到了貌若天仙的秋香并对她一见钟情，决心要到华府当 家丁以追求秋香，唐伯虎被取名华安。期间华太师遇到了宁王上门刁难，幸好有唐伯虎出面相助，并暴露了自己是唐伯虎的身份。秋香才知道华安是自己欣赏的唐伯虎。华夫人跟唐家有怨，因此二人便开始斗法。怎料宁王跟夺命书生再次上门，华夫人不是对手，幸得唐伯虎出手，华夫人也答应把秋香许配给唐伯虎。
超脱,导演: 托尼·凯耶 Tony Kaye   主演: 艾德里安·布洛迪 Adrien Brody / 马西...,9.0,穷尽一生，我们要学会的，不过是彼此拥抱。,亨利•巴赫特（艾德里安•布洛迪 Adrien Brody 饰）来到社区学校担任代课老师。学校因学生反叛、经营不善而濒临绝境，多丽丝（刘玉玲 饰）为首的一批教师备受煎熬。亨利的第一堂课就遭遇了顽劣学生的挑衅，但是被他巧妙地化解。他赢得了女教师萨沙（克里斯蒂娜•亨德里克斯 Christina Hendricks）的好感。同时，他的教学方式引起了同学们的兴趣，其中就包括因肥胖而苦闷的梅丽迪斯。她一直默默地承受着因体重带来的各种责骂与嘲笑。但是因为老师，她似乎又找到了一切的理由……
剪刀手爱德华,导演: 蒂姆·波顿 Tim Burton   主演: 约翰尼·德普 Johnny Depp / 薇诺娜·...,8.7,浪漫忧郁的成人童话。,爱德华（约翰尼•戴普 饰）是一个机器人，他拥有人的心智，却有一双剪刀手，孤独地生活在古堡里，闯入古堡的化妆品推销员佩格把他带回家，让他走进了人类的世界。单纯的爱德华爱上了佩格的女儿金（薇诺娜•瑞德 饰），金也慢慢的被爱德华的善良所吸引。
断背山,导演: 李安 Ang Lee   主演: 希斯·莱杰 Heath Ledger / 杰克·吉伦哈尔 Jake...,8.8,每个人心中都有一座断背山。,美国怀俄明州的西部，沉默寡言的农夫恩尼斯（希斯•莱杰饰）和热情开朗的牛仔杰克（杰克•吉伦希尔饰)一道被派到山上牧羊，那里人迹罕至，他们只有与羊群为伴，生活单调无味。一个天寒地冻的夜晚，在酒精与荷尔蒙的作用下，他们做了“不该做的事情”，也就此他们在断背山上度过了人生中最美好的时光。
被嫌弃的松子的一生,导演: 中岛哲也 Tetsuya Nakashima   主演: 中谷美纪 Miki Nakatani / 瑛太 E...,8.9,以戏谑来戏谑戏谑。,有一天父亲（香川照之饰）突然来找阿笙（瑛太饰），告诉他有个素未谋面的姑姑死了，叫他去收拾下姑姑的房子。在河边的破烂小屋里，阿笙渐渐开始了解父亲口中的姑姑，到底有着怎样的一生。
7号房的礼物,导演: 李焕庆 Hwan-kyeong Lee   主演: 柳承龙 Seung-yong Ryoo / 朴信惠 Shi...,8.9,《我是山姆》的《美丽人生》。,1997年，只有6岁儿童智商的智障男子李龙久（柳成龙 饰）和可爱的女儿艺胜（葛素媛 饰）相依为命，生活虽然简单清贫，却充满幸福。某天，执着为女儿买美少女战士书包的龙久意外卷入一起幼童诱拐奸杀案，而死者竟是警察局长的女儿。龙久懵懂无知，搞不清状况，昏头昏脑就被投入监狱。在7号牢房中，聚集着走私犯蘇杨浩（吴达洙 饰）、诈骗犯崔春浩（朴元尚 饰）、通奸犯姜万范（金正泰 饰）、恐吓犯老徐（金基灿 饰）和抢劫犯申奉植（郑万植 饰）等五毒俱全的“社会渣滓”。龙久孩子般纯洁的心渐渐感动了这几个“大坏蛋”，他们甚至不惜冒险将艺胜带入牢房与父亲相会。
请以你的名字呼唤我,导演: 卢卡·瓜达尼诺 Luca Guadagnino   主演: 艾米·汉莫 Armie Hammer / ...,8.9,沉醉在电影的情感和视听氛围中无法自拔。,故事发生在八十年代的意大利里维埃拉，每年夏天，十七岁的少年艾力奥（提莫西·查拉梅 Timothée Chalamet 饰）都会跟家人一起来此地度假。今年，和他们共享假日时光的，还有来自美国的奥利弗（艾米·汉莫 Armie Hammer 饰），高大英俊热情开朗的奥利弗很快就获得了艾力奥一家人的喜爱。
重庆森林,导演: 王家卫 Kar Wai Wong   主演: 林青霞 Brigitte Lin / 金城武 Takeshi K...,8.8,寂寞没有期限。,编号为223的警察（金城武）失恋后患上失恋综合症，在与金发女杀手（林青霞）擦肩而过又离奇相遇并有了一晚温情后，原本以为包括“爱情”在内的所有东西都有保质期的他意外地迎来心灵的短暂温暖。可是，他们的爱情还是结束了。
勇敢的心,导演: 梅尔·吉布森 Mel Gibson   主演: 梅尔·吉布森 Mel Gibson / 苏菲·玛...,8.9,史诗大片的典范。,威廉•华莱士童年时，其父、苏格兰民族英雄马索•华莱士在与英军的斗争中牺牲，他开始接受父亲好友的指导，学习苏格兰文化和武术。青年华莱士（梅尔•吉布森）学成回到故乡，向美丽的少女梅伦求婚，不想梅伦被英军抢去且遭杀害。在广大村民“英雄之后”的呼声中，华莱士率众揭竿起义，并与苏格兰贵族罗伯结成联盟，但不久他发现，苏格兰贵族考虑的只是自身的利益。
幽灵公主,导演: 宫崎骏 Hayao Miyazaki   主演: 松田洋治 Yôji Matsuda / 石田百合...,8.9,人与自然的战争史诗。,为了拯救危难中的村民，阿斯达卡的右手中了凶煞神的诅咒。达卡只好离开亲人往西方流浪以寻找解除诅咒的方法。旅途中他遇到了由幻姬大人带领的穷苦村民在麒麟兽的森林里开采铁矿，提炼矿石。 白狼神莫娜和她养大的人类女孩“幽灵公主”桑对幻姬恨之入骨，因为她们觉得幻姬带领众人破坏了森林。想帮助人类的阿斯达卡被桑深深吸引，他理解她，但为了帮助穷人又不得不和她作战。一次战斗中，阿斯达卡被麒麟兽所救，他的立场更加摇摆不定。 这时，以疙瘩和尚为首的一群人来杀麒麟兽，幻姬以火枪击毙了麒麟，麒麟的头被疙瘩和尚抢走。愤怒的麒麟的灵魂为夺回自己的头，大肆破坏着森林。阿斯达卡和桑联手决定帮麒麟夺回头颅。
蝙蝠侠：黑暗骑士崛起,导演: 克里斯托弗·诺兰 Christopher Nolan   主演: 克里斯蒂安·贝尔 Christ...,8.8,诺兰就是保证。,检察官哈维·登特（艾伦·艾克哈特 Aaron Eckhart 饰）死后的八年间，哥谭市在戈登警长（加里·奥德曼 Gary Oldman 饰）的努力下有效地遏制了犯罪活动。而蝙蝠侠布鲁斯·韦恩（克里斯蒂安·贝尔 Christian Bale 饰）因为背负谋杀登特的罪名，被 警方通缉，在哥谭市销声匿迹。然而，这看似平静的状态被恐怖分子贝恩（汤姆·哈迪 Tom Hardy 饰）的出现打破，他利用猫女（安妮·海瑟薇 Anne Hathaway 饰）偷取布鲁斯的指纹，致使韦恩集团面临破财，布鲁斯被赶出董事会。为了保证韦恩集团投资的能源项目不被坏人利用制造核弹，布鲁斯帮助米兰达（玛丽昂·歌迪亚 Marion Cotillard 饰）成为董事会主席。贝恩接下来一连串精密设计的计划将哥谭市陷入孤绝之境，毁灭之日指日可待。布鲁斯只能再次肩负起拯救哥谭的重任，然而至亲的...
第六感,导演: M·奈特·沙马兰 M. Night Shyamalan   主演: 布鲁斯·威利斯 Bruce Wi...,8.9,深入内心的恐怖，出人意料的结局。,麦克（布鲁斯·威利斯 饰）是著名儿童心理学家，却也有始终未能治愈的患者，甚至因此遭到枪击，这名少年随后也饮枪自毙。这给麦克带来很大心理阴影，一年后他找到另一个症状很像这名患者的男孩柯尔（海利·乔·奥斯蒙 饰），并耐心的做起了他的医生。柯尔并不容易接近，但麦克还是慢慢赢得 了他的信任，得知了柯尔的秘密。原来柯尔有着灵异的第六感，可以看到鬼魂。虽然这令人感到难以置信，但麦克在证实了事情的真相后还是帮助柯尔接受了这个事实。
爱在黎明破晓前,导演: 理查德·林克莱特 Richard Linklater   主演: 伊桑·霍克 Ethan Hawke ...,8.8,缘分是个连绵词，最美不过一瞬。,美国青年杰西（伊桑·霍克 Ethan Hawke 饰）在火车上偶遇了法国女学生塞琳娜（朱莉·德尔佩 Julie Delpy 饰），两人在火车上交谈甚欢。当火车到达维也纳时，杰西盛情邀请塞琳娜一起在维也纳游览一番，即使杰西翌日便要坐飞机离开。与杰西一见钟情的塞琳娜接受了杰西的邀请。
入殓师,导演: 泷田洋二郎 Yôjirô Takita   主演: 本木雅弘 Masahiro Motoki / ...,8.9,死可能是一道门，逝去并不是终结，而是超越，走向下一程。,买了昂贵的大提琴，想要成就一番事业的小林大悟（本木雅弘 饰），经历了4个月的管弦乐演奏，得到的却是“乐团解散”的噩耗与购买乐器的高昂债务。迫不得已，大悟与妻子美香（广末凉子 饰）搬到老屋，过着清贫的日子。某日，一则广告吸引了大悟的注意：NK代理公司，帮助旅行，高薪短工时。大悟来到NK代理公司面试，社长佐佐木生荣（山崎努 饰）二话不说就决定聘用大悟，但却对工作内容避而不谈。在大悟的再三追问下，佐佐木社长终于道明：是入殓（日语Nou Kan）工作！
超能陆战队,导演: 唐·霍尔 Don Hall / 克里斯·威廉姆斯 Chris Williams   主演: 斯科特...,8.7,Balalala~~~,未来世界的超级都市旧京山（San Fransokyo），热爱发明创造的天才少年小宏，在哥哥泰迪的鼓励下参加了罗伯特·卡拉汉教授主持的理工学院机器人专业的入学大赛。他凭借神奇的微型磁力机器人赢得观众、参赛者以及考官的一致好评，谁知突如其来的灾难却将小宏的梦想和人生毁于一旦。大火烧毁了展示会场，而哥哥为了救出受困的卡拉汉教授命丧火场。身心饱受创伤的小宏闭门不出，哥哥生前留下的治疗型机器人大白则成为安慰他的唯一伙伴。原以为微型机器人也毁于火灾，谁知小宏和大白竟意外发现有人在某座废弃工厂内大批量地生产他的发明。
天使爱美丽,导演: 让-皮埃尔·热内 Jean-Pierre Jeunet   主演: 奥黛丽·塔图 Audrey Tau...,8.7,法式小清新。 ,艾米莉（奥黛丽·塔图 Audrey Tautou 饰）有着别人看来不幸的童年——父亲给她做健康检查时，发现她心跳过快，便断定她患上心脏病，从此艾米莉与学校绝缘。随后因为一桩意外，母亲在她眼前突然死去。这一切都毫不影响艾米莉对生活的豁达乐观。
倩女幽魂,导演: 程小东 Siu-Tung Ching   主演: 张国荣 Leslie Cheung / 王祖贤 Joey W...,8.8,两张绝世的脸。 ,书生宁采臣（张国荣饰）收账不成，无处可归，遂夜宿鬼寺兰若寺，遇上侠士燕赤霞（午马饰），二人成为邻居。一日偶遇艳女小倩（王祖贤饰），二人两情相悦，但小倩乃是被树妖姥姥控制的鬼魂，专门迷惑精壮男子代姥姥吸取阳气。小倩见宁采臣心地善良不忍加害，并与他感情逐渐加深。宁采臣欲救小倩脱离姥姥魔掌，但苦于姥姥功力深厚，小倩无法脱离其魔掌。二人遂向燕赤霞求救......
阳光灿烂的日子,导演: 姜文 Wen Jiang   主演: 夏雨 Yu Xia / 宁静 Jing Ning / 陶虹 Hong Tao,8.9,一场华丽的意淫。,20世纪70年代初的北京，忙着“闹革命”大人无空理会小孩，加上学校停课无事可做，以军队大院男孩为突出代表的少年人便自找乐子，靠起哄、打架、闹事、拍婆子等方式挥霍过量的荷尔蒙。马小军（夏雨 饰）就是这样的少年，他的嗜好之一是趁别人家无人用万能钥匙将其锁打开，溜进去耍玩一番，正是用这样的方式，少女米兰（宁静 饰）的照片先于其人入了马小军的双眼。通过院里的“头儿”刘忆苦（耿乐 饰），马小军又见到之前在炮局偶然瞥见过一眼的米兰，开始正式将其当作梦中情人，然而在米兰眼中，马小军不过是毛孩一个，她中意的人是成熟、稳重、帅气的刘忆苦。自此，马小军迎来五味混杂的青春期生活。
消失的爱人,导演: 大卫·芬奇 David Fincher   主演: 本·阿弗莱克 Ben Affleck / 罗莎蒙...,8.7,年度最佳date movie。,结婚五周年纪念日的早上，尼克·邓恩（本·阿弗莱克 Ben Affleck 饰）来到妹妹玛戈（凯莉·库恩 Carrie Coon 饰）的酒吧，咒骂抱怨那个曾经彼此恩爱缠绵的妻子艾米（罗莎蒙德·派克 Rosamund Pike 饰）以及全然看不见希望的婚姻。当他返回家中时， 却发现客厅留下了暴行的痕迹，而妻子竟不见了踪影。女探员朗达·邦妮（金·迪肯斯 Kim Dickens 饰）接到报案后赶来调查，而现场留下的种种蛛丝马迹似乎昭示着这并非是一件寻常的失踪案，其背后或许隐藏着裂变于夫妻之情的谋杀罪行。艾米的失踪通过媒体大肆渲染和妄加揣测很快闻名全国，品行不端的尼克被推上风口浪尖，至今不见踪影的爱人对他进行无情审判，你侬我侬的甜言蜜语早已化作以血洗血的复仇与折磨……
无人知晓,导演: 是枝裕和 Hirokazu Koreeda   主演: 柳乐优弥 Yûya Yagira / 北浦爱...,9.1,我的平常生活就是他人的幸福。,新搬来的公寓这家人是母亲惠子（You饰）带着四个孩子：明（柳乐优弥饰）、京子、茂、雪。但母亲却得对周围的人们撒谎说丈夫去海外工作，自己与长子两个人在一起生活。事实是其它三名弟妹是“黑孩子”，因为四个孩子有着各自不同的父亲。他们一直呆在家中，没有去学校上学。
甜蜜蜜,导演: 陈可辛 Peter Chan   主演: 黎明 Leon Lai / 张曼玉 Maggie Cheung / ...,8.9,相逢只要一瞬间，等待却像是一辈子。,改革开放初期，黎小军（黎明 饰）告别女友小婷（杨恭如 饰）从天津（国语版中为无锡）来到香港讨生活，期望有天挣到大钱把小婷接来与之风风光光地成婚，没料想日子会比想象中的难熬许多。
完美的世界,导演: 克林特·伊斯特伍德 Clint Eastwood   主演: 凯文·科斯特纳 Kevin Cos...,9.1,坏人的好总是比好人的好来得更感人。,单亲孩子菲利普·佩里（T·J·劳瑟 T.J. Lowther 饰）的母亲对他管教甚严，8岁的小菲利普甚至从未参加过一次鬼节讨糖果的游戏。附近州监狱的两名罪犯越狱成功，劫持了菲利普作为人质，向德州边界逃窜。途中，罪犯之一的布奇（凯文·科斯特纳 Kevin Costner 饰）干掉了鲁莽愚蠢的同伙，却对小菲利普照顾有加。与此同时，德州警探瑞德（克林特·伊斯特伍德 Clint Eastwood 饰）带着手下和州长特派的犯罪专家萨利（劳拉·邓恩 Laura Dern 饰）一同火速追捕布奇。双方在德克萨斯州境内展开了一场公路赛大竞技；而小菲利普也经历了很多从未想过过的刺激与快乐，并与布奇产生了一种近似父子的不寻常感情……
菊次郎的夏天,导演: 北野武 Takeshi Kitano   主演: 北野武 Takeshi Kitano / 关口雄介 Yus...,8.9,从没见过那么流氓的温柔，从没见过那么温柔的流氓。,暑假到来，自幼丧父的小学三年级学生正男（关口雄介饰），如今和奶奶生活在一起，暑假特别无聊。他拿出母亲从外地寄回的信，准备自己一个人去爱知县丰桥市看望母亲。
小森林 夏秋篇,导演: 森淳一 Junichi Mori   主演: 桥本爱 Ai Hashimoto / 三浦贵大 Takahir...,9.0,那些静得只能听见呼吸的日子里，你明白孤独即生活。,平凡女孩市子（桥本爱 饰）自幼生长在位于日本东北地区的村庄小森。这里远离都市的喧嚣和浮躁，为青山绿水所环绕，俨然一个幽静怡然的世外桃源。村民们日出而作，日落而息，依靠一双勤劳的双手经营渺小却舒适的生活，与世无争。市子曾经前往东京闯荡，只不过她终究无法适应都市快节奏的步伐，最终回到了妈妈早已不在的老宅。童年时妈妈福子利用山川田野各种食材做出胡乱命名的美食，实心眼的市子在感叹受骗之余，也将美好的回忆留在了味蕾深处。仿佛遵循着母亲的步伐，她将对故乡的热爱融入了美食的烹制中。在朋友佑太（三浦贵大 饰）和吉子（松冈茉优 饰）的环绕下，享受着无忧无虑的人生……
爱在日落黄昏时,导演: 理查德·林克莱特 Richard Linklater   主演: 伊桑·霍克 Ethan Hawke ...,8.9,九年后的重逢是世俗和责任的交叠，没了悸动和青涩，沧桑而温暖。,九年前，杰西（伊桑·霍克 Ethan Hawke 饰）与席琳（朱莉·德尔佩 Julie Delpy 饰）在火车上不期而遇，怦然心动。在维也纳渡过疯狂而又浪漫的一夜后，他们在日出前分手，并相约在维也纳重逢。
借东西的小人阿莉埃蒂,导演: 米林宏昌 Hiromasa Yonebayashi   主演: 志田未来 Mirai Shida / 神木...,8.9,曾经的那段美好会沉淀为一辈子的记忆。,虽然患有心脏方面的疾病，但是少年翔（神木隆之介 配音）的父母依然对他疏于呵护。为了准备即将到来的手术，翔来到了位于偏远乡间的姨婆（竹下景子 配音）家静养。姨婆家位于一片幽静的丛林中，这是一幢有着上百年历史的欧式别墅。这里除了生活着姨婆和女佣阿春（树木希林 配音）外，还有一个奇特的三口之家，“借东西一族”——小人阿莉埃蒂（志田未来 配音）和她的爸爸（三浦友和 配音）妈妈（大竹忍 配音），他们生活在别墅的地板下，只有几公分高，过着不为人类察觉的生活。遇到所需的日常用品时，便会在夜深人静之时偷偷潜入厨房借出来。翔无意中瞥见阿莉埃蒂的身影，他有心接近这些传说中的小人，却不知不觉打扰了他们的生活…… 本片根据英国作家玛丽·诺顿的原著《借东西的小人》改编，并荣获2011年日本电影学院奖最佳动画片奖。
